{
  "project_info": {
    "project_number": "1058913539887",
    "firebase_url": "https://customerprototype-29375.firebaseio.com",
    "project_id": "customerprototype-29375",
    "storage_bucket": "customerprototype-29375.appspot.com"
  },
  "client": [
    {
      "client_info": {
        "mobilesdk_app_id": "1:1058913539887:android:54afadf30642ce0fde33da",
        "android_client_info": {
          "package_name": "com.example.customer_prototype"
        }
      },
      "oauth_client": [
        {
          "client_id": "1058913539887-vkk2629ori6dcr7ta0dhjc7i4v1m2i61.apps.googleusercontent.com",
          "client_type": 1,
          "android_info": {
            "package_name": "com.example.customer_prototype",
            "certificate_hash": "8c5dec760a7558b096b0e0b02717be9820e74f62"
          }
        },
        {
          "client_id": "1058913539887-ms2alu2in7umje848s7faek5l0hib7c3.apps.googleusercontent.com",
          "client_type": 3
        }
      ],
      "api_key": [
        {
          "current_key": "AIzaSyCVk5rMU8fE4buNXf_zQrvnm9_IQXgBS0s"
        }
      ],
      "services": {
        "appinvite_service": {
          "other_platform_oauth_client": [
            {
              "client_id": "1058913539887-ms2alu2in7umje848s7faek5l0hib7c3.apps.googleusercontent.com",
              "client_type": 3
            }
          ]
        }
      }
    }
  ],
  "configuration_version": "1"
}